INSERT INTO domain.airports (icao_code, iata_code, airport_name, address, latitude, longitude)
VALUES
('USII', 'IJK', 'Izhevsk Airport', 'Russian Federation, Udmurtian Republic, Zavyalovskiy rayon, Izhevsk Airport', 56.833333, 53.466667),
('UUEE', 'SVO', 'Sheremetyevo International Airport', 'Sheremetyevo Airport, Khimki, Moscow Region, 124340, Russia', 55.981744, 37.414244),
('UUDD', 'DME', 'Domodedovo International Airport', 'Domodedovo Airport, Domodedovo District, Moscow Region, 142015, Russia', 55.419444, 37.885833),
('UUWW', 'VKO', 'Vnukovo International Airport', '12, 1st Reysovaya St., Moscow, 119027, Russia', 55.583333, 37.266667),
('ULLI', 'LED', 'Pulkovo Airport', 'Pulkovskoye Shosse, 41, lit. ZI , Saint Petersburg, 196140, Russia', 59.95, 30.05),
('URSS', 'AER', 'Sochi International Airport', 'А-355, Sochi, Krasnodar Region, 354355, Russia', 43.45, 39.933333),
('UNNT', 'OVB', 'Tolmachevo Airport', 'Tolmachevo Airport, Ob-4, Novosibirsk Region, 633104, , Russia', 55.033333, 83),
('USSS', 'SVX', 'Koltsovo Airport', '6 Sputnikov Street, 620025, Yekaterinburg, Russia', 56.85, 60.6),
('URKK', 'KRR', 'Pashkovsky Airport', '355 Bershanskaya St, Krasnodar, 350912, Russia', 45.034722, 39.170556),
('UWUU', 'UFA', 'Ufa International Airport', 'Airport, Bulgakovo Village, Ufa District, Republic of Bashkortostan, 450501, Russia', 54.5575, 55.874444),
('UWKD', 'KZN', 'Kazan International Airport', 'Airport, Kazan, Republic of Tatarstan, 420017, Russia', 55.8, 49),
('UHWW', 'VVO', 'Vladivostok International Airport', 'Airport, 41, Portovaya St, Primorskiy Region, 692760, Russia', 43.216667, 131.666667);


INSERT INTO domain.aircraft_models (manufacturer, model_name, iata_code, seats_number, load_capacity_kg)
VALUES
('Antonov', 'An-2', null, 12, 1600),
('Antonov', 'An-24', 'AN4', 12, 5500),
('Yakovlev', 'Yak-40', 'YK4', 32, 3200),
('Yakovlev', 'Yak-42', 'YK2', 120, 12000),
('Tupolev', 'Tu-134', 'TU3', 84, 8200),
('Tupolev', 'Tu-154', 'TU5', 180, 18000),
('Ilyushin', 'Il-76', 'IL7', 10, 60000),
('Boeing', '737-800', '738', 189, 23000),
('Boeing', '777-300ER', '77W', 550, 100000),
('Airbus', 'A320', '320', 180, 19000),
('Cessna', '172', null, 4, null);



INSERT INTO domain.aircrafts (model_id, base_airport, year_manufactured)
VALUES
(1, 'UUEE', 1990),
(4, 'USII', 1993),
(2, 'URKK', 1998),
(7, 'ULLI', 1997),
(2, 'UUWW', 1997),
(10, 'UWKD', 1985),
(4, 'URSS', 1987),
(9, 'UUWW', 1984),
(6, 'ULLI', 1974),
(4, 'UUWW', 1987),
(2, 'USSS', 1985),
(2, 'UUEE', 1983),
(11, 'ULLI', 2000),
(6, 'UWUU', 1975),
(3, 'UWKD', 1994),
(4, 'ULLI', 1998),
(7, 'UUDD', 1984),
(2, 'URKK', 1988),
(10, 'UUDD', 1979),
(9, 'URSS', 1973),
(11, 'ULLI', 1993),
(11, 'UUDD', 1970),
(2, 'USSS', 1971),
(4, 'UUEE', 1989),
(9, 'URSS', 1977),
(8, 'UUEE', 1977),
(1, 'URKK', 1993),
(5, 'UHWW', 1999),
(4, 'UWKD', 1987),
(3, 'ULLI', 1992),
(7, 'UWKD', 1998),
(8, 'UUEE', 1978),
(11, 'URKK', 1981),
(5, 'UWKD', 1977),
(4, 'URKK', 1981),
(4, 'UWUU', 1981),
(5, 'USSS', 1984),
(3, 'UWUU', 1973),
(4, 'UUWW', 1991),
(3, 'UNNT', 1991),
(3, 'UUWW', 1985),
(8, 'URKK', 1978),
(11, 'UWKD', 1982),
(10, 'URSS', 1984),
(1, 'UUEE', 1984),
(2, 'UWUU', 1993),
(4, 'UNNT', 1976),
(11, 'USII', 1991),
(11, 'UWUU', 1985),
(8, 'UWUU', 1976);


INSERT INTO domain.personnel (passport_series, passport_number, inn, first_name, last_name, patronymic, job_position, salary, airport_code)
VALUES
('8651', '640047', '343929450679', 'Dmitry', 'Nikolaev', 'Petrovich', 'Flight engineer', 311158.00, 'USII'),
('4949', '136984', '945143886226', 'Alexey', 'Ivanov', 'Ivanovich', 'Pilot', 427023.00, 'UWKD'),
('2278', '260175', '133398870757', 'Vasiliy', 'Nikolaev', 'Alexeevich', 'Flight engineer', 446418.00, 'UUWW'),
('5206', '998613', '013656998300', 'Ilya', 'Ivanov', 'Alexandrovich', 'Traffic controller', 124793.00, 'UHWW'),
('3779', '039658', '835218785163', 'Ivan', 'Ilyin', 'Dmitrievich', 'Pilot', 472004.00, 'UUEE'),
('7945', '864837', '257387071085', 'Nikolay', 'Dmitriev', 'Nikolaevich', 'Pilot', 69759.00, 'UUDD'),
('3750', '985439', '288439665125', 'Petr', 'Nikolaev', 'Dmitrievich', 'Co-pilot', 350903.00, 'UNNT'),
('8076', '414945', '817474375949', 'Alexander', 'Alexandrov', 'Ivanovich', 'Flight engineer', 452037.00, 'UUEE'),
('8920', '088453', '275395458851', 'Nikolay', 'Ilyin', 'Ilyich', 'Steward', 498707.00, 'UUWW'),
('3989', '961995', '421231117178', 'Alexander', 'Alexeev', 'Dmitrievich', 'Flight engineer', 95903.00, 'UUEE'),
('2933', '377636', '571120483128', 'Alexey', 'Petrov', NULL, 'Traffic controller', 221122.00, 'UWKD'),
('4791', '246883', '679839322832', 'Vladimir', 'Ilyin', 'Petrovich', 'Steward', 413369.00, 'URKK'),
('7898', '252477', '892192035681', 'Ilya', 'Nikolaev', 'Ilyich', 'Steward', 177326.00, 'URKK'),
('8919', '799501', '858229346624', 'Nikolay', 'Ivanov', 'Ivanovich', 'Co-pilot', 194575.00, 'USSS'),
('0289', '698283', '745861074774', 'Vladimir', 'Ivanov', NULL, 'Traffic controller', 152947.00, 'ULLI'),
('4764', '501014', '032707133789', 'Petr', 'Petrov', 'Vladimirovich', 'Pilot', 335093.00, 'URSS'),
('0760', '289329', '736355959106', 'Vasiliy', 'Dmitriev', 'Vladimirovich', 'Co-pilot', 233253.00, 'UUWW'),
('4100', '196790', '519931964075', 'Petr', 'Alexandrov', NULL, 'Co-pilot', 86354.00, 'UNNT'),
('8109', '722063', '715666236209', 'Dmitry', 'Alexeev', 'Vadimovich', 'Flight engineer', 119291.00, 'UUEE'),
('6942', '863866', '817991641736', 'Petr', 'Alexandrov', 'Alexandrovich', 'Steward', 64659.00, 'UUEE'),
('7399', '533838', '602580628346', 'Ilya', 'Dmitriev', 'Ilyich', 'Steward', 112617.00, 'USII'),
('0430', '892848', '505719507443', 'Alexey', 'Sidorov', 'Dmitrievich', 'Steward', 436448.00, 'UUDD'),
('9836', '959417', '526271704399', 'Alexander', 'Vasiliev', 'Petrovich', 'Co-pilot', 380682.00, 'UUEE'),
('3765', '534224', '326228920451', 'Ivan', 'Alexandrov', NULL, 'Pilot', 102495.00, 'URKK'),
('9531', '541124', '131114458093', 'Vladimir', 'Dmitriev', 'Dmitrievich', 'Traffic controller', 197399.00, 'UUWW'),
('0247', '783518', '650911306589', 'Alexey', 'Petrov', 'Vadimovich', 'Traffic controller', 281794.00, 'UHWW'),
('8932', '950163', '277095896118', 'Nikolay', 'Petrov', 'Vasilievich', 'Steward', 327667.00, 'ULLI'),
('3741', '064637', '968344949044', 'Alexey', 'Nikolaev', NULL, 'Flight engineer', 486661.00, 'UUEE'),
('2080', '224640', '865281824120', 'Nikolay', 'Dmitriev', NULL, 'Flight engineer', 291429.00, 'UUEE'),
('8535', '848357', '845887785982', 'Alexander', 'Nikolaev', 'Ivanovich', 'Steward', 207544.00, 'ULLI');


INSERT INTO domain.routes (from_airport_icao, to_airport_icao, distance_km)
VALUES
('UUEE', 'UWUU', 6900.267),
('USSS', 'UUWW', 2179.119),
('UUWW', 'USII', 5376.375),
('URSS', 'UUWW', 7760.956),
('USSS', 'USII', 8263.61),
('UUWW', 'URSS', 5272.55),
('USSS', 'UUDD', 3443.508),
('URKK', 'USII', 5838.404),
('USSS', 'USII', 3256.417),
('UUEE', 'USSS', 8780.676),
('UHWW', 'USII', 4122.287),
('UUWW', 'USSS', 4911.367),
('USII', 'URSS', 2512.209),
('ULLI', 'UNNT', 1813.731),
('UWUU', 'USSS', 6150.749),
('UHWW', 'UWUU', 5959.362),
('UHWW', 'UUWW', 2857.003),
('ULLI', 'USSS', 8803.258),
('UUWW', 'USSS', 1233.506),
('UWKD', 'UUEE', 8127.975),
('UWKD', 'UNNT', 6781.616),
('UHWW', 'UWUU', 8735.226),
('UHWW', 'UUWW', 4492.113),
('UWKD', 'UUWW', 2818.086),
('USSS', 'UHWW', 9432.968),
('UWUU', 'UNNT', 7702.581),
('UWKD', 'UWUU', 3739.9),
('UUWW', 'USII', 4186.719),
('URKK', 'URSS', 1790.888),
('UUWW', 'UUDD', 5770.148);


INSERT INTO domain.flights (aircraft_id, route_id, scheduled_departure_time, scheduled_arrival_time, actual_departure_time, actual_arrival_time, passengers_number, load_kg)
VALUES
(25, 12, '2020-02-20 00:45:21+00', '2024-04-03 00:37:10+00', '2023-02-16 20:49:55+00', '2023-11-09 21:48:10+00', 474, 30862),
(44, 17, '2020-07-11 22:21:52+00', '2023-01-04 05:28:50+00', '2023-01-15 13:32:52+00', '2022-02-17 02:01:49+00', 176, 15108),
(37, 28, '2020-09-28 19:52:13+00', '2020-08-07 09:55:11+00', NULL, NULL, 54, 6449),
(43, 28, '2023-12-21 20:40:24+00', '2021-01-23 17:04:09+00', '2024-08-07 08:48:46+00', '2023-03-28 17:58:52+00', 1, 3),
(8, 15, '2023-05-16 15:06:11+00', '2022-04-19 05:11:59+00', '2022-03-16 15:24:26+00', '2021-04-28 07:32:39+00', 317, 73891),
(47, 17, '2024-03-15 00:20:23+00', '2020-11-06 09:25:36+00', '2020-05-02 03:57:18+00', '2020-08-02 03:18:30+00', 89, 6593),
(36, 1, '2023-02-22 07:48:49+00', '2024-03-12 16:01:09+00', '2022-01-04 09:59:10+00', '2023-11-12 02:40:29+00', 30, 7543),
(3, 5, '2022-06-13 05:48:27+00', '2023-05-21 17:40:21+00', '2022-03-24 21:53:40+00', '2023-12-04 08:16:44+00', 6, 3747),
(49, 27, '2020-03-24 05:53:19+00', '2022-07-10 14:37:03+00', '2024-11-07 16:31:25+00', '2020-04-28 02:17:28+00', 2, 196),
(5, 16, '2020-02-15 16:35:27+00', '2020-03-23 23:18:12+00', NULL, NULL, 3, 4398),
(2, 17, '2023-01-01 18:34:29+00', '2024-04-04 19:47:20+00', '2021-03-28 05:43:24+00', '2020-01-30 23:31:54+00', 1, 9174),
(46, 23, '2020-10-23 05:17:31+00', '2023-06-09 19:36:37+00', '2024-08-28 07:22:31+00', '2023-12-01 02:23:49+00', 9, 4054),
(15, 25, '2020-11-04 20:36:07+00', '2020-09-29 04:18:33+00', '2023-06-23 05:42:30+00', '2020-08-02 05:37:27+00', 12, 2293),
(16, 26, '2022-04-06 19:13:14+00', '2023-05-22 04:46:05+00', '2024-09-26 02:21:09+00', '2020-01-23 19:17:49+00', 53, 5601),
(24, 10, '2022-03-12 12:07:04+00', '2024-07-07 10:19:36+00', '2022-07-20 18:21:08+00', NULL, 59, 10495),
(15, 21, '2022-09-17 05:30:51+00', '2022-01-03 21:18:02+00', '2023-11-01 22:29:50+00', '2022-01-25 22:16:30+00', 13, 499),
(35, 5, '2021-07-24 02:17:44+00', '2022-07-23 18:56:43+00', '2021-02-13 02:56:42+00', '2021-04-20 09:27:11+00', 92, 6928),
(31, 15, '2021-01-08 14:56:14+00', '2024-07-12 09:21:03+00', '2024-10-22 23:58:10+00', '2021-03-28 21:58:03+00', 4, 42713),
(40, 28, '2022-12-10 12:50:11+00', '2022-10-22 17:13:59+00', '2024-07-15 15:03:37+00', '2024-02-10 12:27:36+00', 29, 2846),
(28, 10, '2022-03-19 13:05:40+00', '2023-07-07 11:18:19+00', '2020-02-03 17:51:46+00', '2024-07-29 17:28:20+00', 64, 3916),
(40, 20, '2020-09-29 14:54:04+00', '2020-06-30 18:33:08+00', '2023-11-28 23:09:18+00', '2023-11-30 21:39:05+00', 21, 2234),
(29, 15, '2024-10-12 21:14:57+00', '2021-09-02 07:54:08+00', '2023-07-12 14:31:43+00', '2021-06-29 10:02:23+00', 28, 8300),
(42, 8, '2020-11-02 05:26:07+00', '2024-10-10 19:03:15+00', NULL, NULL, 100, 5592),
(16, 10, '2020-09-18 02:21:03+00', '2023-12-16 16:53:12+00', '2022-03-06 20:17:58+00', '2020-08-04 20:17:44+00', 50, 1752),
(18, 14, '2022-05-09 06:42:20+00', '2021-12-10 10:31:36+00', '2024-02-03 22:42:10+00', NULL, 8, 2614),
(49, 1, '2024-05-13 00:31:39+00', '2022-04-27 06:14:02+00', '2023-02-26 15:51:06+00', NULL, 2, 44),
(27, 3, '2021-05-31 06:33:29+00', '2021-01-11 21:07:19+00', '2020-05-19 10:41:14+00', '2023-04-09 09:56:58+00', 5, 672),
(9, 20, '2022-02-06 03:24:26+00', '2022-07-14 18:54:21+00', '2023-03-05 21:53:15+00', '2023-12-14 00:21:22+00', 161, 16098),
(4, 15, '2024-10-12 18:32:05+00', '2021-01-05 09:27:46+00', '2020-08-10 13:30:06+00', '2020-01-07 22:58:59+00', 1, 35201),
(20, 18, '2021-10-10 11:18:05+00', '2021-01-22 14:30:37+00', '2023-08-29 11:39:31+00', '2020-03-09 14:58:01+00', 149, 63869),
(14, 20, '2022-07-27 02:46:46+00', '2020-05-28 23:25:29+00', '2022-10-22 21:45:45+00', '2022-08-13 00:17:23+00', 36, 11555),
(16, 1, '2023-11-03 20:17:39+00', '2024-01-30 03:25:54+00', '2024-07-09 22:54:43+00', '2024-10-25 18:32:29+00', 34, 7523),
(16, 2, '2022-06-26 13:04:38+00', '2021-03-29 08:43:27+00', '2023-07-07 10:47:07+00', '2023-09-09 17:18:49+00', 64, 2285),
(22, 9, '2020-11-12 06:13:41+00', '2024-07-04 04:32:49+00', NULL, NULL, 4, 414),
(39, 25, '2020-10-14 22:07:38+00', '2021-10-08 10:00:05+00', '2022-05-20 22:26:21+00', '2023-05-15 20:42:59+00', 12, 5243),
(15, 8, '2022-02-07 22:40:38+00', '2021-06-11 01:26:28+00', '2021-01-22 13:46:29+00', '2020-03-24 03:51:22+00', 26, 610),
(21, 11, '2024-10-08 15:22:37+00', '2020-12-17 18:55:09+00', '2022-07-30 13:53:10+00', '2023-08-11 01:38:19+00', 1, 44),
(25, 15, '2023-07-27 11:27:12+00', '2020-04-24 18:48:30+00', '2020-04-07 01:34:42+00', '2020-06-22 13:32:35+00', 300, 79072),
(25, 11, '2021-08-07 01:34:16+00', '2023-04-17 02:21:36+00', '2020-01-18 01:18:17+00', '2022-02-03 08:32:09+00', 172, 64874),
(10, 4, '2020-08-22 04:54:22+00', '2023-08-06 03:24:02+00', '2023-09-10 22:44:25+00', '2023-01-12 18:47:34+00', 68, 8468),
(36, 7, '2021-12-03 21:50:53+00', '2021-12-08 23:09:28+00', '2024-05-24 00:10:41+00', '2022-11-15 06:54:11+00', 41, 10720),
(22, 30, '2021-01-31 18:31:49+00', '2021-09-15 11:51:47+00', '2024-05-14 06:39:06+00', '2024-04-03 20:52:04+00', 2, 222),
(11, 17, '2022-10-15 14:06:27+00', '2021-09-28 15:57:45+00', '2021-05-09 02:18:57+00', NULL, 10, 2895),
(1, 30, '2022-05-14 17:41:16+00', '2024-03-29 02:28:14+00', '2020-11-09 21:21:11+00', '2024-06-14 12:54:41+00', 6, 1102),
(30, 12, '2021-10-21 15:26:37+00', '2020-05-23 10:53:26+00', '2020-05-13 07:47:41+00', '2023-08-19 22:12:15+00', 10, 2167),
(37, 23, '2022-02-02 21:42:38+00', '2020-03-31 10:12:49+00', '2022-04-11 03:22:50+00', NULL, 72, 322),
(6, 22, '2024-04-21 03:19:29+00', '2022-03-08 00:35:27+00', '2024-06-19 05:23:45+00', '2020-01-01 14:44:29+00', 114, 1471),
(30, 8, '2022-05-25 03:51:12+00', '2020-08-17 23:47:27+00', '2022-03-31 21:00:30+00', '2020-02-06 15:10:02+00', 21, 2158),
(21, 30, '2020-10-10 23:20:03+00', '2023-02-05 01:44:37+00', NULL, NULL, 3, 236),
(6, 20, '2023-10-25 09:03:30+00', '2023-03-15 03:07:47+00', '2021-11-25 00:51:18+00', '2022-02-02 01:16:47+00', 164, 11355),
(49, 25, '2024-05-15 17:15:12+00', '2024-03-26 00:10:13+00', NULL, NULL, 4, 180),
(16, 13, '2023-11-15 06:21:10+00', '2024-06-29 22:15:00+00', '2024-11-07 14:13:37+00', NULL, 28, 5112),
(1, 14, '2021-10-23 06:17:04+00', '2020-10-24 07:52:04+00', '2020-05-19 12:21:52+00', NULL, 10, 704),
(28, 16, '2023-06-09 21:07:59+00', '2020-02-10 02:21:06+00', '2021-05-30 14:29:07+00', '2020-11-19 13:50:55+00', 79, 1732),
(49, 27, '2022-12-19 20:08:08+00', '2020-09-18 02:26:21+00', '2024-03-20 10:44:20+00', '2022-11-09 19:50:54+00', 4, 67),
(38, 27, '2024-11-20 07:48:47+00', '2021-09-28 22:52:16+00', '2020-06-04 04:43:18+00', '2020-08-15 23:28:44+00', 29, 649),
(1, 3, '2024-08-08 08:30:35+00', '2021-11-14 13:11:56+00', '2024-02-29 13:39:44+00', '2024-03-29 02:17:49+00', 2, 324),
(46, 17, '2021-07-18 18:36:49+00', '2021-07-04 10:16:48+00', '2024-03-14 15:49:01+00', '2021-05-26 02:24:49+00', 9, 2451),
(48, 14, '2021-05-22 21:19:00+00', '2021-09-13 13:57:28+00', '2022-08-05 01:34:19+00', '2022-09-17 02:36:49+00', 3, 171),
(28, 2, '2021-08-18 02:50:41+00', '2022-08-19 01:37:31+00', '2023-10-08 15:27:40+00', '2021-05-24 03:26:33+00', 48, 5426),
(43, 18, '2022-01-01 16:47:47+00', '2022-06-01 08:43:30+00', '2022-07-09 20:49:21+00', '2021-02-18 00:29:47+00', 4, 4),
(25, 5, '2021-12-13 20:47:46+00', '2021-01-15 11:33:53+00', '2023-01-11 12:06:39+00', '2020-01-24 23:48:58+00', 321, 49601),
(50, 10, '2021-11-23 19:07:33+00', '2024-07-09 15:24:50+00', '2020-11-06 17:53:13+00', '2021-04-28 06:01:11+00', 70, 382),
(17, 10, '2023-04-18 04:10:31+00', '2021-04-23 20:11:12+00', '2024-09-13 08:18:41+00', '2024-11-10 14:55:41+00', 3, 634),
(28, 11, '2023-09-17 17:47:18+00', '2023-04-21 23:52:27+00', '2023-05-27 11:48:31+00', '2020-12-07 14:54:17+00', 46, 5741),
(26, 10, '2021-03-03 10:20:09+00', '2024-11-14 08:50:51+00', '2021-06-11 12:55:24+00', NULL, 40, 5364),
(41, 30, '2020-03-05 19:40:09+00', '2023-02-27 13:40:27+00', '2024-05-13 11:09:17+00', '2024-08-15 18:04:56+00', 29, 3187),
(15, 29, '2021-01-18 21:45:11+00', '2022-02-19 05:07:42+00', '2024-06-23 19:31:10+00', '2023-05-19 13:01:36+00', 22, 1118),
(39, 26, '2023-12-01 23:47:41+00', '2023-07-11 10:02:02+00', '2024-05-18 03:04:09+00', '2023-04-05 07:00:40+00', 2, 1023),
(36, 25, '2021-01-22 05:11:30+00', '2024-01-10 17:05:49+00', '2020-10-03 21:35:40+00', '2023-03-15 20:02:41+00', 9, 3354),
(24, 6, '2021-10-24 04:07:01+00', '2020-03-23 15:14:17+00', '2020-11-01 14:09:27+00', '2022-04-28 13:24:27+00', 86, 9067),
(46, 9, '2023-09-19 00:07:49+00', '2021-06-07 12:33:51+00', '2020-03-20 19:25:03+00', '2021-05-30 22:54:18+00', 11, 1467),
(31, 12, '2020-03-28 03:16:34+00', '2020-06-19 05:11:58+00', '2023-08-03 14:27:37+00', '2020-11-29 00:21:57+00', 2, 32325),
(3, 17, '2022-11-06 20:24:15+00', '2022-01-20 20:45:15+00', '2023-10-16 19:30:28+00', NULL, 3, 5123),
(45, 6, '2024-04-18 02:29:15+00', '2022-06-02 22:14:14+00', '2022-06-26 01:51:15+00', NULL, 9, 361),
(5, 15, '2023-07-21 11:29:18+00', '2023-03-28 08:38:35+00', NULL, NULL, 7, 4110),
(10, 25, '2024-01-07 04:49:34+00', '2021-02-22 12:50:02+00', NULL, NULL, 82, 1451),
(30, 15, '2023-06-21 11:21:05+00', '2024-04-04 05:59:35+00', '2024-01-13 02:53:44+00', NULL, 16, 3116),
(17, 1, '2021-12-30 07:08:58+00', '2023-04-01 12:22:44+00', '2022-02-04 02:09:12+00', '2023-03-06 17:42:27+00', 2, 46953),
(34, 23, '2021-03-20 17:52:30+00', '2023-08-08 11:43:25+00', '2024-09-12 16:36:22+00', '2023-11-11 13:53:38+00', 65, 7794),
(7, 7, '2022-04-26 19:44:24+00', '2021-12-07 15:45:50+00', '2023-03-07 16:26:18+00', '2020-01-22 06:06:46+00', 78, 11278),
(45, 29, '2023-01-26 02:18:17+00', '2023-09-04 14:40:40+00', '2021-06-29 14:58:03+00', '2020-10-27 02:19:55+00', 12, 396),
(4, 15, '2022-12-13 05:25:53+00', '2022-07-06 00:16:42+00', '2023-05-24 02:48:14+00', NULL, 8, 40100),
(38, 14, '2020-01-12 21:06:07+00', '2021-01-19 08:32:21+00', '2020-03-31 05:20:12+00', '2023-08-06 06:40:52+00', 9, 2202),
(48, 20, '2021-07-14 15:41:35+00', '2020-07-30 22:29:24+00', '2024-02-24 13:08:38+00', '2021-04-13 06:09:49+00', 4, 231),
(7, 9, '2020-11-03 16:12:27+00', '2020-05-25 00:48:21+00', NULL, NULL, 62, 8265),
(38, 13, '2024-01-30 21:25:50+00', '2021-05-20 09:38:33+00', '2022-02-25 09:51:07+00', '2020-06-30 04:14:02+00', 1, 860),
(8, 17, '2022-04-07 03:22:14+00', '2023-06-07 06:34:20+00', '2021-04-11 12:16:51+00', '2024-10-28 11:37:01+00', 356, 40917),
(50, 9, '2023-11-15 14:13:23+00', '2022-04-09 07:52:02+00', '2023-06-02 20:36:28+00', '2022-09-10 15:37:15+00', 32, 3062),
(30, 30, '2023-07-23 22:53:11+00', '2020-03-26 22:40:59+00', '2021-12-22 17:29:35+00', '2023-08-04 08:28:39+00', 26, 2188),
(9, 18, '2021-03-19 00:44:07+00', '2022-12-09 05:41:05+00', '2020-03-07 03:43:29+00', '2020-10-26 13:24:30+00', 94, 149),
(18, 13, '2024-11-01 18:58:20+00', '2022-09-13 20:34:50+00', '2024-05-20 05:06:50+00', NULL, 4, 1295),
(36, 20, '2023-01-20 06:17:10+00', '2022-08-31 01:34:46+00', '2020-04-12 08:19:00+00', '2023-03-15 22:11:37+00', 67, 2418),
(17, 15, '2020-05-01 08:14:50+00', '2022-06-21 03:26:47+00', NULL, NULL, 6, 6692),
(1, 11, '2022-02-03 01:01:21+00', '2024-07-03 17:09:45+00', '2021-04-13 16:31:39+00', '2020-10-19 20:28:30+00', 11, 1246),
(25, 23, '2020-10-23 19:15:38+00', '2022-06-01 04:06:42+00', '2024-09-22 21:23:59+00', '2021-12-06 16:40:10+00', 402, 89919),
(22, 2, '2022-10-25 22:43:00+00', '2020-11-23 05:20:53+00', '2021-09-09 04:52:37+00', '2020-09-19 16:11:51+00', 2, 430),
(12, 4, '2022-08-20 13:25:47+00', '2024-08-15 03:58:56+00', '2021-10-31 04:21:30+00', '2022-09-21 06:05:36+00', 10, 1160),
(32, 13, '2024-06-13 15:00:22+00', '2024-03-31 20:35:56+00', '2023-01-19 06:04:37+00', '2024-06-24 05:32:43+00', 6, 6734),
(27, 9, '2021-03-08 17:55:54+00', '2021-06-21 16:42:13+00', '2020-02-18 15:00:35+00', NULL, 6, 1135);


INSERT INTO domain.flight_crews (flight_id, passport_series, passport_number)
VALUES
(6, '8651', '640047'),
(62, '9531', '541124'),
(45, '0289', '698283'),
(93, '4764', '501014'),
(74, '4791', '246883'),
(60, '3989', '961995'),
(11, '5206', '998613'),
(56, '0760', '289329'),
(91, '4949', '136984'),
(87, '4100', '196790'),
(9, '0289', '698283'),
(86, '3989', '961995'),
(90, '0430', '892848'),
(62, '7898', '252477'),
(11, '3750', '985439'),
(62, '4100', '196790'),
(6, '8076', '414945'),
(10, '2933', '377636'),
(33, '3741', '064637'),
(69, '7898', '252477'),
(28, '4764', '501014'),
(46, '8920', '088453'),
(38, '7898', '252477'),
(60, '8651', '640047'),
(1, '8076', '414945'),
(6, '0430', '892848'),
(60, '8919', '799501'),
(13, '7898', '252477'),
(15, '4764', '501014'),
(16, '4764', '501014'),
(55, '8651', '640047'),
(30, '3765', '534224'),
(35, '3765', '534224'),
(28, '0289', '698283'),
(76, '5206', '998613'),
(39, '9531', '541124'),
(15, '2933', '377636'),
(13, '8651', '640047'),
(29, '3989', '961995'),
(97, '9531', '541124'),
(37, '0760', '289329'),
(34, '4949', '136984'),
(94, '8919', '799501'),
(43, '8919', '799501'),
(16, '3741', '064637'),
(65, '2278', '260175'),
(31, '8109', '722063'),
(51, '6942', '863866'),
(99, '2278', '260175'),
(72, '7945', '864837'),
(50, '7945', '864837'),
(32, '3779', '039658'),
(58, '3779', '039658'),
(94, '3989', '961995'),
(22, '0760', '289329'),
(53, '4100', '196790'),
(13, '9531', '541124'),
(36, '0247', '783518'),
(4, '8919', '799501'),
(49, '8919', '799501'),
(95, '8535', '848357'),
(92, '4100', '196790'),
(7, '0430', '892848'),
(1, '2278', '260175'),
(43, '2278', '260175'),
(53, '0247', '783518'),
(11, '8535', '848357'),
(41, '6942', '863866'),
(62, '9836', '959417'),
(17, '7399', '533838'),
(13, '0430', '892848'),
(38, '7399', '533838'),
(10, '3765', '534224'),
(31, '3741', '064637'),
(58, '2933', '377636'),
(29, '6942', '863866'),
(81, '8651', '640047'),
(36, '8919', '799501'),
(5, '8109', '722063'),
(11, '3779', '039658'),
(51, '8920', '088453'),
(58, '2080', '224640'),
(41, '2278', '260175'),
(53, '2278', '260175'),
(39, '0430', '892848'),
(79, '2933', '377636'),
(69, '0247', '783518'),
(44, '3750', '985439'),
(20, '2080', '224640'),
(20, '6942', '863866'),
(1, '3741', '064637'),
(4, '2278', '260175'),
(98, '4764', '501014'),
(75, '6942', '863866'),
(20, '8109', '722063'),
(39, '9836', '959417'),
(19, '3765', '534224'),
(28, '3765', '534224'),
(47, '0247', '783518'),
(55, '3765', '534224'),
(95, '0430', '892848'),
(82, '8535', '848357'),
(44, '3989', '961995'),
(93, '7399', '533838'),
(1, '3750', '985439'),
(42, '4100', '196790'),
(94, '0289', '698283'),
(24, '8919', '799501'),
(46, '8535', '848357'),
(80, '3765', '534224'),
(13, '0760', '289329'),
(23, '8920', '088453'),
(15, '7945', '864837'),
(6, '3741', '064637'),
(22, '6942', '863866'),
(46, '7898', '252477'),
(14, '0289', '698283'),
(33, '8651', '640047'),
(85, '5206', '998613'),
(45, '5206', '998613'),
(93, '3750', '985439'),
(14, '9836', '959417'),
(66, '3750', '985439'),
(24, '0430', '892848'),
(78, '7399', '533838'),
(15, '3750', '985439'),
(95, '2080', '224640'),
(53, '3741', '064637'),
(37, '8651', '640047'),
(81, '0760', '289329'),
(42, '2278', '260175'),
(11, '8919', '799501'),
(64, '2080', '224640'),
(100, '7898', '252477'),
(43, '6942', '863866'),
(43, '5206', '998613'),
(85, '8651', '640047'),
(26, '8651', '640047'),
(50, '9836', '959417'),
(36, '0760', '289329'),
(21, '7945', '864837'),
(52, '0247', '783518'),
(47, '7399', '533838'),
(48, '4100', '196790'),
(14, '8076', '414945'),
(29, '3741', '064637'),
(57, '8932', '950163'),
(5, '4791', '246883'),
(84, '4791', '246883'),
(44, '2080', '224640'),
(49, '4100', '196790'),
(15, '6942', '863866'),
(76, '8076', '414945'),
(88, '3989', '961995'),
(28, '2278', '260175'),
(97, '0247', '783518'),
(49, '9836', '959417'),
(68, '8076', '414945'),
(77, '4764', '501014'),
(73, '8932', '950163'),
(85, '4764', '501014'),
(80, '8919', '799501'),
(76, '8651', '640047'),
(97, '4764', '501014'),
(26, '9836', '959417'),
(61, '8651', '640047'),
(76, '0289', '698283'),
(4, '4764', '501014'),
(20, '2278', '260175'),
(57, '4949', '136984'),
(44, '7399', '533838'),
(86, '3750', '985439'),
(77, '8651', '640047'),
(23, '9531', '541124'),
(28, '8535', '848357'),
(7, '4791', '246883'),
(3, '2080', '224640'),
(7, '0760', '289329'),
(42, '8076', '414945'),
(76, '3750', '985439'),
(96, '3765', '534224'),
(39, '7898', '252477'),
(78, '6942', '863866'),
(55, '0289', '698283'),
(23, '8109', '722063'),
(62, '3741', '064637'),
(28, '8109', '722063'),
(8, '8651', '640047'),
(81, '0430', '892848'),
(62, '8535', '848357'),
(12, '4764', '501014'),
(42, '7945', '864837'),
(9, '3765', '534224'),
(65, '0247', '783518'),
(29, '8535', '848357'),
(14, '0430', '892848'),
(78, '3750', '985439'),
(68, '8932', '950163'),
(74, '7399', '533838'),
(53, '8920', '088453'),
(94, '2933', '377636'),
(60, '9531', '541124'),
(10, '7945', '864837'),
(49, '8651', '640047'),
(70, '4764', '501014'),
(39, '4100', '196790'),
(82, '3750', '985439'),
(29, '7399', '533838'),
(87, '2080', '224640'),
(28, '8920', '088453'),
(18, '0430', '892848'),
(58, '0760', '289329'),
(32, '7399', '533838'),
(5, '7945', '864837'),
(6, '8535', '848357'),
(95, '4949', '136984'),
(64, '8651', '640047'),
(29, '3750', '985439'),
(43, '8651', '640047'),
(20, '7945', '864837'),
(80, '4764', '501014'),
(92, '3779', '039658'),
(39, '3989', '961995'),
(57, '8109', '722063'),
(46, '4949', '136984'),
(71, '8932', '950163'),
(27, '9836', '959417'),
(95, '7898', '252477'),
(26, '4100', '196790'),
(53, '7898', '252477'),
(30, '7399', '533838'),
(94, '0430', '892848'),
(47, '3750', '985439'),
(79, '4100', '196790'),
(83, '6942', '863866'),
(27, '4100', '196790'),
(86, '8932', '950163'),
(64, '9531', '541124'),
(100, '8932', '950163'),
(70, '8920', '088453'),
(3, '8076', '414945'),
(67, '0430', '892848'),
(89, '8919', '799501'),
(81, '3765', '534224'),
(61, '7898', '252477'),
(99, '8651', '640047'),
(81, '2933', '377636'),
(21, '3765', '534224'),
(31, '7945', '864837'),
(21, '4100', '196790'),
(9, '4791', '246883'),
(73, '3989', '961995'),
(71, '8535', '848357'),
(37, '8932', '950163'),
(76, '2278', '260175'),
(70, '8076', '414945'),
(13, '0289', '698283'),
(79, '2278', '260175'),
(92, '8932', '950163'),
(42, '0289', '698283'),
(19, '7399', '533838'),
(67, '7399', '533838'),
(45, '0247', '783518'),
(90, '3741', '064637'),
(76, '3765', '534224'),
(11, '9531', '541124'),
(100, '4949', '136984'),
(98, '9531', '541124'),
(30, '0430', '892848'),
(28, '3750', '985439'),
(83, '4100', '196790'),
(66, '9836', '959417'),
(98, '0289', '698283'),
(24, '5206', '998613'),
(96, '4100', '196790'),
(2, '4949', '136984'),
(10, '3779', '039658'),
(33, '8109', '722063'),
(97, '7399', '533838'),
(68, '4791', '246883'),
(64, '8920', '088453'),
(35, '3750', '985439'),
(4, '8932', '950163'),
(84, '0247', '783518');
